SurveyID,Date,Season,Property,Quadrat no,Landscape position,ExoticAnnualGrass_cover,ExoticAnnualHerb_cover,ExoticPerennialHerb_cover,ExoticPerennialGrass_cover,ExoticShrub_cover,NativePerennialFern_cover,NativePerennialGrass_cover,NativePerennialHerb_cover,NativePerennialGraminoid_cover,NativeShrub_cover,BareGround_cover,Litter_cover,MossLichen_cover,Rock_cover,Euc_canopy_cover,Distance_to_Eucalypt_canopy(m),euc_sdlgs0_50cm,euc_sdlgs50cm-2m,euc_sdlgs>2m,annual_precipitation,SRad_Jan
1,24/07/2006,Winter 2006,Barlow,1,slope,5.7,0.3,0,0,0,0,16.7,3.1,4,1.7,7.3,53.3,21.7,3,0,0,3,7,0,526,175476
2,24/07/2006,Winter 2006,Barlow,2,slope,6.7,3.6,0,0,0,0,28.3,4.6,0,0,33.3,20,12.3,2.3,0,5,0,2,0,525,175444
3,24/07/2006,Winter 2006,Barlow,3,slope,2.3,0,0,0,0,0,3.3,0,0,0,30,18.3,5,48.3,0,0,0,0,0,524,175253
4,24/07/2006,Winter 2006,Barlow,4,flat,5,1.3,0,0,0,0,40,0,0,0,15,41.7,10,0,0,5,0,1,0,524,176243
5,24/07/2006,Winter 2006,Barlow,5,flat,5.7,4.7,0,0,0,0,20,0,1.7,0,11,46.7,28.3,0,0,5,0,3,0,526,176209
6,24/07/2006,Winter 2006,Barlow,6,flat,4.3,4,2,0,0,0,28.3,0,0,0,8.3,66.7,0,0,0,15,0,3,0,526,176141
7,25/07/2006,Winter 2006,Blaber,1,slope,1.7,5,0,0,0,10,26.7,7.4,0,0,0,68.3,2.3,0,55,0,0,0,0,846,174276
8,25/07/2006,Winter 2006,Blaber,2,slope,3,9.6,20,0,0,0,33.3,1,0,0,2.3,33.3,43.3,1.7,0,34,0,0,0,836,176319
9,25/07/2006,Winter 2006,Blaber,3,slope,1.7,10,31,0,0,0,36.7,1.7,0,0,0,24,25,0,38.3,0,0,0,0,835,170274
10,25/07/2006,Winter 2006,Blaber,4,slope,1.7,28,16.7,0,0,0,13.3,0,0,0,0,13.3,11.7,15,0,43,0,0,0,845,173610
11,25/07/2006,Winter 2006,Blaber,5,slope,5.7,5.7,3.3,0,0,0,45,3.4,0,0,0.7,25,46.7,0,0,3,0,0,0,817,172557
12,19/07/2006,Winter 2006,DClark,1,slope,4.3,2.3,0,0,0,0,23.3,0,0,0,10,50,13.3,1.7,6.7,0,0,4,0,613,175376
13,19/07/2006,Winter 2006,DClark,2,slope,26.7,3.3,0.7,0,0,0,28.3,0,0,0,2.7,31.7,10.7,8.3,0,15,0,0,0,610,174645
14,19/07/2006,Winter 2006,DClark,3,slope,11.7,4.3,0.7,1.7,0,0,46.7,0,0,0,1.3,30,8.3,1.7,0,45,0,0,0,607,176077
15,19/07/2006,Winter 2006,DClark,4,slope,18.3,2,1.3,10,0,0,25,1,0,0,5,36.7,7.3,0,0,30,0,0,0,610,174050
16,19/07/2006,Winter 2006,DClark,5,slope,2,0,0,0,0,0,2.7,0,1,0.7,2.3,33.3,45,15.7,0,0,0,1,0,614,175184
17,19/07/2006,Winter 2006,DClark,6,slope,5,1.7,0,0,0,0,45,0,0,0,1.3,50,6.7,0,0,0,0,4,0,612,175945
18,26/07/2006,Winter 2006,Gough,1,crest,6.3,6,1.7,0,0,6.7,15,0,1,0,0,26.7,3.3,40,3.3,0,0,0,0,693,176379
19,26/07/2006,Winter 2006,Gough,2,crest,0,26.7,11.7,0,0,0,73.3,0,0,0,1.7,11.7,0,10,0,15,0,0,0,714,176857
20,26/07/2006,Winter 2006,Gough,3,slope,4,43.3,28.3,0,0,0,18.3,0,0,0,0,6.7,11.7,0,0,10,0,0,0,679,164580
21,26/07/2006,Winter 2006,Gough,4,toe_of_slope,4,16.6,20,0,0,0,27.3,1.7,0,0,31.7,15.7,0,0,16.7,0,15,0,0,670,175021
22,26/07/2006,Winter 2006,Gough,5,slope,0,29,3.3,0,0,1.7,43.3,1.7,0,0,3,13.3,3.3,15,0,5,0,0,0,710,169049
23,26/07/2006,Winter 2006,Gough,6,slope,8.4,36.7,3.3,0,0,0,43.4,0,0,0,1.7,10,3.3,3.3,0,5,0,0,0,540,176759
24,26/07/2006,Winter 2006,Gough,7,toe_of_slope,10,24.9,35.1,0,0,0,0,10,0,0,3.3,16.7,0,10,13.3,0,0,0,0,722,176665
25,26/07/2006,Winter 2006,Gough,8,slope,3.4,40.1,43,0,0,6.7,13.3,2.3,1.7,0,4,10,6.7,13.3,0,4,0,0,0,692,176653
26,26/07/2006,Winter 2006,Gough,9,slope,3.3,48.3,20,3.3,0,0,7.3,0,0,0,3,8.3,1.7,6.7,0,10,0,0,0,714,174657
27,27/07/2006,Winter 2006,Green,1,slope,1.7,8.3,14.3,6.7,0,0,3.3,0,0,0,63.3,0,0.6,7.7,0,47,0,6,0,840,177660
28,27/07/2006,Winter 2006,Green,2,slope,12.6,58.3,2.3,1.7,0,0,11.6,0,0,0,20,0,0.6,5,0,7,0,1,0,847,175872
29,27/07/2006,Winter 2006,Green,3,slope,28.4,10.6,43.4,6.7,0,0,1.7,3.4,0,0,5,0.6,0,0,0,23,0,0,0,877,171163
30,27/07/2006,Winter 2006,Green,4,slope,4,21.7,7.3,21.7,0,0,35,0,0,0,11,0.6,6,8.3,0,12,0,0,0,916,173083
31,25/07/2006,Winter 2006,Hawkey,1,flat,6.7,0,0,0,0,0,0,0,0,0,53.3,40,0,0,36.7,0,0,0,0,415,176433
32,25/07/2006,Winter 2006,Hawkey,2,flat,6.7,0,0,0,0,0,4.3,4.3,0,0,8.3,85,0,0,0,20,0,0,0,416,176504
33,25/07/2006,Winter 2006,Hawkey,3,flat,0,0,0,0,0,0,1.7,1.7,0,0,18.3,85,0,0,0,5,0,0,0,415,176386
34,25/07/2006,Winter 2006,Hawkey,4,flat,35,1.7,8,0,0,0,0,0,0,0,9,40,0,0,0,0,0,0,0,416,176526
35,26/07/2006,Winter 2006,JClark,1,slope,11.7,0,0.7,0,0,0,4,0,0,0,3.3,46.7,53.3,10.6,20,0,1,1,0,,
36,26/07/2006,Winter 2006,JClark,2,slope,4,10,2.3,0,0,0,30,0,0,0,28.3,20,1.7,14,0,0,0,0,0,918,154899
37,26/07/2006,Winter 2006,JClark,3,slope,7.3,31.7,3.3,0,0,0,21.7,1.7,0,0,2.3,6.3,56.7,0,0,0,1,0,0,938,176358
38,26/07/2006,Winter 2006,JClark,4,slope,0,0,0,0,0,0,13.3,1.3,2.3,0,7.3,18.3,66.7,8.3,68.3,0,1,0,0,912,173137
39,26/07/2006,Winter 2006,JClark,5,slope,2.3,5.6,71.7,0,0,0,18.3,0,0,0,0,4,63.3,4,0,43,0,0,0,851,163569
40,26/07/2006,Winter 2006,JClark,6,slope,0,0,36.6,3.3,0,0,70,1.7,0,0,0,10,0,6.7,0,0,0,0,0,,
41,26/07/2006,Winter 2006,JClark,7,slope,23.4,4.7,8.3,0,0,0,20,1.7,0,0,0,5,80,1.7,0,19,0,0,0,879,149490
42,26/07/2006,Winter 2006,Kellock,1,slope,20,18.4,0,0,0,0,46.7,0,0,0,0,33.3,0,0,0,20,0,0,0,521,170755
43,25/07/2006,Winter 2006,Kellock,2,slope,15,0.6,0,0,0,0,43.4,0,0,0,0,46.7,28.3,0,10,0,0,0,0,517,174170
44,25/07/2006,Winter 2006,Kellock,3,slope,12.3,23.3,1,0,0,0,0,0,0,0,35,40,0,0,0,5,78,10,0,524,178044
45,26/07/2006,Winter 2006,Kellock,4,slope,16.7,0,3.3,0,0,0,33.4,0,0,0,0,36.7,36.7,0,0,5,0,0,0,523,177667
46,25/07/2006,Winter 2006,Kellock,5,crest,8.4,1.7,0,0,0,0,11.7,0,0,0,3.3,63.3,0,20,26.7,0,0,0,0,520,173290
47,25/07/2006,Winter 2006,Kellock,6,slope,16.7,5,1.7,0,0,0,41.7,0,0,0,0.7,41.7,36.7,0,20,0,0,0,0,524,177642
48,25/07/2006,Winter 2006,Kellock,7,slope,8.3,7.3,3.3,0,0,0,50,1.7,0,0,1.7,28.3,36.7,20,0,10,0,0,0,525,178002
49,25/07/2006,Winter 2006,Kellock,8,slope,20,8.3,0,0,0,0,50,0,0,0,0,30,0,0,0,40,0,0,0,520,176018
50,25/07/2006,Winter 2006,Kellock,9,slope,25,2.3,0,0,0,0,53.3,0,0,0,0,33.3,0,0,0,0,0,0,0,524,176858
51,20/07/2006,Winter 2006,Martin,1,slope,4.4,0.7,0,3.3,0,0,5.7,0,0,0,0,93.3,0,0,0,0,0,0,0,570,177343
52,20/07/2006,Winter 2006,Martin,2,flat,5.7,0,0,0,0,0,30,0,1,0,1.7,36.7,43.3,0.7,8.3,0,0,5,0,575,176998
53,20/07/2006,Winter 2006,Martin,3,slope,7.6,1,2.7,0,0,0,70,0,0,0,2,30,30,0,0,20,0,3,0,633,177487
54,20/07/2006,Winter 2006,Martin,4,flat,2,2.3,0,0,0,0,38.3,1,0,0,5,21.7,36.7,0,0,5,1,10,0,633,177748
55,20/07/2006,Winter 2006,Martin,5,flat,3.7,1,0,0,0,0,60,0,0,0,4,60,11.7,0,0,10,0,0,0,634,177922
56,20/07/2006,Winter 2006,Martin,6,flat,3,1,0,0,0,0,23.3,0,0,0,16,15,38.3,3.3,0,10,0,2,0,632,177486
57,20/07/2006,Winter 2006,Martin,7,flat,0,0,0,2.3,0,0,5,0,0,0,0,95,8.3,0,38.3,0,0,0,0,636,177707
58,20/07/2006,Winter 2006,Martin,8,slope,6.3,1.7,0,0,0,0,83.3,1,0,0,4.7,20,11.7,0,0,50,0,0,0,636,177711
59,20/07/2006,Winter 2006,Martin,9,flat,10,0,2.3,0,0,0,31.7,0,0,0,1.7,15,48.3,0,0,31,0,3,0,561,177409
60,20/07/2006,Winter 2006,Martin,10,flat,8.3,0,1.7,0,0,0,63.3,0,0,0,18.3,33.3,31.7,0,0,45,0,7,0,607,176079
61,20/07/2006,Winter 2006,Martin,11,slope,5,10,0,0,0,0,60,0,0,0,0.7,50,0,0,0,0,1,1,0,629,177128
62,18/07/2006,Winter 2006,McCracken,1,flat,16.7,9.1,0,0.3,0,0,8.3,0,1.7,0,12.3,58.3,4,0,0,0,0,0,0,533,176776
63,18/07/2006,Winter 2006,McCracken,2,flat,4,0,0,0,0,0,5.7,0,0,0,16.7,66.7,8.3,0,0,0,0,2,0,533,176739
64,18/07/2006,Winter 2006,McCracken,3,flat,6.7,1.3,0,0,0,0,36.7,0,0.7,0,45,13.3,10,0,0,10,0,2,0,532,176759
65,18/07/2006,Winter 2006,McCracken,4,flat,6.7,0,0,0,0,0,5,0,0,0,40,46.7,4,0,0,0,0,0,0,533,176790
66,18/07/2006,Winter 2006,McCracken,5,flat,10,0.7,0,0,0,0,18.3,0,1.7,0,15,76.7,4.3,0,0,0,0,0,0,534,176794
67,18/07/2006,Winter 2006,McCracken,6,flat,21.7,10,0,1.7,0,0,16.7,0,0,0,7.7,40,8.3,0,0,0,0,0,0,533,176769
68,18/07/2006,Winter 2006,McCracken,7,flat,25,14,0,4,0,0,0,0,0,0,5.7,53.3,1.7,0,0,0,1,0,0,533,176860
69,18/07/2006,Winter 2006,McCracken,8,flat,7.6,1,0,0,0,0,16.7,0,20,0,6.7,48.3,5.7,0,0,0,0,1,0,534,176813
70,27/07/2006,Winter 2006,Olive,1,flat,13.3,11.4,8.3,0,0,0,8.3,0,0,5,16.7,40,19.7,11.7,0,5,0,0,0,903,176700
71,27/07/2006,Winter 2006,Olive,2,slope,3,8.4,2.3,0,0,0,8.3,10,0,5,0,61.7,63.3,5,21.7,0,0,0,0,535,176043
72,27/07/2006,Winter 2006,Olive,3,slope,48.3,12.7,45.3,0,0,0,0,6,0,0,0,8.3,46.7,0,0,3,0,0,0,923,176244
73,27/07/2006,Winter 2006,Olive,4,slope,15,44,0,0,0,0,30,1.7,0,0,7.3,16.7,6.7,0,0,17,0,0,0,967,172278
74,27/07/2006,Winter 2006,Olive,5,slope,40,10,23.3,0,0,0,6.7,1.7,0,3.3,7.3,15,38.3,0,0,28,0,0,0,868,176164
75,25/07/2006,Winter 2006,Rokahr,1,flat,NA,NA,NA,NA,NA,NA,NA,NA,NA,NA,NA,NA,NA,NA,NA,0,0,0,0,523,176917
76,25/07/2006,Winter 2006,Rokahr,2,flat,45,6.6,3.3,0,0,0,3.3,0,0,0,1.7,46.7,0,0,0,0,0,0,0,523,176972
77,25/07/2006,Winter 2006,Rokahr,3,flat,9,1.7,1.7,0,0,0,26.7,0,0,0,2.3,60,35,0,0,10,0,0,0,523,176965
78,25/07/2006,Winter 2006,Rokahr,4,flat,8.3,0,0,0,0,0,1.7,0,0,0,0,100,0,0,0,0,0,0,0,524,176996
79,25/07/2006,Winter 2006,Rokahr,5,flat,4,13.3,0,0,0,0,13.3,0,0,0,10,70,0,0,0,2,0,0,0,523,176920
80,25/07/2006,Winter 2006,Rokahr,6,flat,3.9,0.6,0,0,0,0,0,0,0,0,30,56.7,0,0.6,0,0,0,0,0,523,176987
81,25/07/2006,Winter 2006,Rokahr,7,flat,8.3,0,0,0,1.7,0,13.3,0,0,0,1.3,66.7,33.3,0,0,23,0,0,0,523,176966
82,19/07/2006,Winter 2006,Sharrock,1,slope,1.7,0,0,0,0,0,0,0.3,0,0,28.3,56.7,15,9,0,0,1,1,0,628,174609
83,19/07/2006,Winter 2006,Sharrock,2,slope,5,0.3,0,0,0,0,9.7,0,0,20,30.7,46.7,3.3,2.3,0,0,0,2,0,627,175584
84,19/07/2006,Winter 2006,Sharrock,3,slope,13.3,3.6,3.3,10,0,0,36.7,0.7,0,0,4,26.7,23.3,0,0,20,0,0,0,625,175448
85,19/07/2006,Winter 2006,Sharrock,4,slope,2.7,0,0,0,0,0,4.7,0,0,0,41.7,30,6.3,16.7,0,0,4,7,0,627,175867
86,27/07/2006,Winter 2006,Staff,1,slope,1,8.3,28.3,41.7,0,0,8.3,0,0,0,2.3,20,0,0,26.7,0,0,0,0,852,175642
87,27/07/2006,Winter 2006,Staff,2,slope,1.4,0.3,1,0,0,18.3,27.3,2.3,0,0,0.7,66.7,23.3,11.7,23.3,0,1,21,0,781,174375
88,27/07/2006,Winter 2006,Staff,3,crest,2,9,3,0,0,5,36.7,3.7,0,0,4,23.3,5,23.3,0,0,1,3,0,871,179018
89,27/07/2006,Winter 2006,Staff,4,slope,0,16.4,8.7,0,0,6.7,30,0,0,0,5.7,5,5,28.3,0,10,0,0,0,882,177471
90,27/07/2006,Winter 2006,Staff,5,slope,2.3,16.9,14,0,0,0,23.3,6.7,0,0,0.7,6.7,0,7.3,0,0,9,11,0,803,174551
91,27/07/2006,Winter 2006,Staff,6,slope,0.3,18,4,0,0,0,82.4,0,0,0,8,5.7,2.7,1,0,30,0,0,0,787,174250
92,27/07/2006,Winter 2006,Staff,7,slope,0.3,6.3,3,0,0,6.7,26.6,0,0,0,10,10,16.7,28.3,0,15,0,12,0,870,168389
93,27/07/2006,Winter 2006,Staff,8,slope,1.3,2.3,3,0,0,0,10,2.4,1.7,0,16.7,40,30,12.3,26.7,0,3,16,0,870,177283
94,27/07/2006,Winter 2006,Staff,9,slope,0,14.6,27,0,0,0,3.3,0.7,0,0,5,16.7,2.7,11.3,0,20,0,0,0,822,172333
95,27/07/2006,Winter 2006,Stoney,1,slope,1.3,8.6,3.4,0,0,0,15,14.4,0,0,10,53.3,18.3,0,0,0,0,0,0,792,177381
96,27/07/2006,Winter 2006,Stoney,2,slope,0,29,21.6,0,0,0,31.7,0.7,0,0,0.7,15,20,5,0,29,0,0,0,793,178350
97,27/07/2006,Winter 2006,Stoney,3,slope,3.4,7.7,6.7,0,0,0,58.3,3.4,0,0,10,16.7,0,10,0,3,0,0,0,793,177272
98,27/07/2006,Winter 2006,Stoney,4,slope,0,14,15,0,0,0,26,1.7,0,0,0,5.7,46.7,8.3,0,48,0,0,0,793,177636
99,27/07/2006,Winter 2006,Stoney,5,slope,16.7,24,29,0,0,0,20,1.7,0,0,5,11.7,0,0,16.7,0,0,0,0,794,177827
100,27/07/2006,Winter 2006,Stoney,6,slope,11.7,26.7,5,0,0,0,43.3,0,0,0,2.3,4.3,6.7,18.3,0,41,0,0,0,794,168772
101,27/07/2006,Winter 2006,Stoney,7,slope,5,25,12.7,0,0,0,1,0,0,0,10,23.3,0,9.3,0,0,0,0,0,798,175725
102,24/07/2006,Winter 2006,Taylor,1,flat,2,0,1.3,25,0,0,41.7,0,0,0,17.3,28.3,0,0,0,45,0,0,0,641,177182
103,24/07/2006,Winter 2006,Taylor,2,flat,1.3,0,4.3,61.7,0,0,11.7,0,0,0,30,6.7,6.7,0,0,30,0,0,0,605,175738
104,24/07/2006,Winter 2006,Taylor,3,flat,4,0,2.3,76.7,0,0,18.3,0,0,0,13.3,11.7,8.3,0,0,25,0,0,0,640,177092
105,24/07/2006,Winter 2006,Taylor,4,flat,2.7,0,0,2,0,0,1.7,0,0,0,66.7,5,28.3,0,0,0,0,0,0,641,177145
106,24/07/2006,Winter 2006,Taylor,5,flat,1.4,0,0.7,13.3,0,0,3.3,0,0,0,43.3,43.3,1.7,0,0,5,0,0,0,639,177138
107,27/07/2006,Winter 2006,Wakefield,1,slope,21.6,2.3,18.3,6.7,0,0,26.7,0,0,0,3.3,15,15.7,0,0,7,0,0,0,778,158653
108,27/07/2006,Winter 2006,Wakefield,2,slope,33.3,0,3.3,48.3,0,0,0,6.7,0,0,0,20,0,0,5,0,0,0,0,793,163047
109,27/07/2006,Winter 2006,Wakefield,3,slope,26.6,0,13.3,3.3,3.3,0,40,0,0,0,0,21.7,0,0,0,11,0,0,0,787,174062
110,27/07/2006,Winter 2006,Wakefield,4,slope,33.3,25,3.3,30,0,0,0,0,10,0,0,13.3,0,0,0,4,0,1,0,773,151541
111,26/07/2006,Winter 2006,Yorston,1,slope,0,0,46.7,8.3,0,0,40,0,0,0,5.7,6.7,0,0,0,18,0,0,0,955,181545
112,26/07/2006,Winter 2006,Yorston,2,slope,5,1.7,35,0,0,0,43.3,3.3,0,0,0.7,16.7,2.3,14,0,0,0,0,0,962,185782
113,26/07/2006,Winter 2006,Yorston,3,slope,0,13,6.6,30,0,0,43.3,0,0,0,0,18.3,0,0,0,0,0,0,0,843,180975
114,26/07/2006,Winter 2006,Yorston,4,slope,0,13.3,60,38.3,0,0,0,1.7,0,0,1.3,15,0,0,0,36,0,0,0,935,180047
115,26/07/2006,Winter 2006,Yorston,5,slope,74,0,8.3,0,0,0,0,0,0,0,1.7,31.6,0,0,0,0,0,0,0,911,179079
116,26/07/2006,Winter 2006,Yorston,6,slope,5,11.6,3.3,43.3,0,0,35,3.3,6.7,0,1.7,10,0,0,0,53,0,0,0,842,180889
117,26/07/2006,Winter 2006,Yorston,7,slope,5,28.3,20,0,0,0,20,1.7,0,0,5,13.3,1.7,10,0,22,0,0,0,825,180462
118,10/11/06,Spring 2006,Barlow,1,slope,28.3,0,0,0,0,0,28.3,0.6,0,0,9,25,15,0,0,0,5,0,0,523,175646
119,10/11/06,Spring 2006,Barlow,2,flat,38,1,0,0,0,0,40.1,0,0,0,3.3,13.3,5,0,0,13,3,1,0,522,175566
120,10/11/06,Spring 2006,Barlow,3,slope,5,0.6,0,0,0,0,53.3,0.3,3.3,0,5.7,23.3,8.3,0,0,0,0,7,0,521,175802
121,10/11/06,Spring 2006,Barlow,4,slope,15.7,0,0.6,0,0,0,34.3,1.2,0,0,4,8.3,38.3,0,0,4,3,12,0,523,175197
122,10/11/06,Spring 2006,Barlow,5,slope,2,0,0,0,0,0,1.3,0,0,0,41.7,3,15,40,0,0,0,0,0,526,176267
123,10/11/06,Spring 2006,Barlow,6,slope,1.3,0,0,0,0,0,9,0,0,0,48.3,37.3,2,5.7,0,2,0,0,0,526,176175
124,14/11/2006,Spring 2006,Blaber,1,slope,0,2.3,8.4,0,0,0,50,0,0,1.7,10,20,20,0,0,38,0,0,0,809,171307
125,14/11/2006,Spring 2006,Blaber,2,slope,0,0,0,0,0,0,28.3,0,0,0,1.7,71.7,3.3,0,40,0,0,0,0,855,172837
126,14/11/2006,Spring 2006,Blaber,3,slope,1.3,0,1.3,0,0,0,38.4,1.7,0,0,10,31.7,18.3,0,0,8,0,0,0,824,173334
127,14/11/2006,Spring 2006,Blaber,4,slope,41.3,8.3,0,3.3,0,0,0,16.1,0,0,5.7,23.3,13.3,0,0,57,0,0,0,845,170966
128,14/11/2006,Spring 2006,Blaber,5,slope,4,0,0.3,0,0,0,17.3,3.7,0,3.3,5.7,25,56.7,3.3,0,5,3,10,0,831,166572
129,14/11/2006,Spring 2006,DClark,1,slope,10,1.7,0,0,0,0,23.3,0,0,0,2,20,53.3,5,0,6,0,1,0,609,174217
130,14/11/2006,Spring 2006,DClark,2,slope,60,0,1.7,10,0,0,10,0,0,0,0,15,10,0,0,15,0,0,0,610,174770
131,14/11/2006,Spring 2006,DClark,3,slope,26.7,0,0,1.7,0,0,16.7,0,0,0,0,18.3,33.3,5,0,57,0,0,0,609,175391
132,14/11/2006,Spring 2006,DClark,4,slope,35,0,0,0,0,0,12.7,0,0,0,1.6,10,56.7,3.3,0,4,0,0,0,610,174971
133,14/11/2006,Spring 2006,DClark,5,slope,28,0,0,0,0,0,48.3,0,0,0,0,10,31.7,4,0,30,0,0,0,611,173579
134,14/11/2006,Spring 2006,DClark,6,slope,30,6.7,0,0.7,0,0,28.3,0,6.7,0,4,10,13.3,0,0,28,0,0,0,614,176879
135,4/11/06,Spring 2006,Gough,1,slope,31.8,7.3,0,0,0,5,28.3,0,0,0,5,18.3,10,11.7,0,6,0,0,0,674,172881
136,4/11/06,Spring 2006,Gough,2,slope,23,14.9,2,0,0,13.3,8.3,5.7,8.3,0,4,10,20,20,0,15,0,0,0,717,168399
137,4/11/06,Spring 2006,Gough,3,slope,14.7,4,0,0,0,0,21.7,0,8.3,0,3.3,38.3,0,21.7,20,0,0,0,0,715,167998
138,4/11/06,Spring 2006,Gough,4,slope,20,3.3,6.7,0,0,0,16.7,0,0,0,0,46.7,0,20,13.3,0,0,0,0,704,173005
139,4/11/06,Spring 2006,Gough,5,slope,36.7,6.7,0,0,0,0,5,0,3.3,0,5,26.7,0,13.3,0,2,0,0,0,718,174754
140,4/11/06,Spring 2006,Gough,6,slope,14.3,23.4,0.6,2.3,0,6.7,16.7,0,3.3,0,1.7,23.3,6.7,6.7,20,0,0,0,0,700,172551
141,4/11/06,Spring 2006,Gough,7,slope,31.3,20,0,0,0,5,30,0,5,0,7.3,26.7,0,0,0,3,0,0,0,665,173541
142,4/11/06,Spring 2006,Gough,8,slope,19,20,0,0.7,0,0,13.3,0,1.7,0,0,30,0,23.3,56.7,0,7,4,0,677,169317
143,4/11/06,Spring 2006,Gough,9,toe_of_slope,76,11.7,2.3,0,0,0,6.7,0,0,0,0,16.6,0,0,0,1,0,3,0,679,157050
144,7/12/06,Spring 2006,Green,1,slope,11.7,0,3.3,0,0,0,3,0,3.3,0,20,4,0,53.3,0,0,2,1,0,920,173510
145,7/12/06,Spring 2006,Green,2,slope,62.4,4,0.6,0,0,0,3.3,3.3,0,0,8.3,13.3,0,0,0,60,0,0,0,919,168587
146,7/12/06,Spring 2006,Green,3,slope,40.7,1.7,10,0,0,0,13.3,5,3.3,0,11.7,10,0,0,0,50,0,0,0,864,169247
147,7/12/06,Spring 2006,Green,4,slope,21.7,1.7,3.4,0,0,0,8,1.7,0,0,40,3,3.3,20,0,0,0,1,0,876,166295
148,10/11/06,Spring 2006,Hawkey,1,flat,1,6.7,0,8.3,0,0,0,0,0,0,0,91.6,0,0,20,0,0,0,0,415,176368
149,10/11/06,Spring 2006,Hawkey,2,flat,33.3,0,10,6.7,0,0,0,0,0,0,0,41.7,11.7,0,0,4,0,0,0,416,176862
150,10/11/06,Spring 2006,Hawkey,3,flat,5.7,16.7,0,5,0,0,0,3.3,0,0,5,68.3,0,1.7,0,18.3,0,0,0,416,176557
151,10/11/06,Spring 2006,Hawkey,4,flat,58.3,0,0,25,0,0,0,0,0,0,13.3,8.3,0,0,0,5,0,9,0,415,176396
152,7/12/06,Spring 2006,JClark,1,slope,66.6,0,0,0,0,0,0,0,0,0,0,36.7,11.7,0,15,0,0,0,0,839,169244
153,7/12/06,Spring 2006,JClark,2,slope,0,0,0.7,0,0,0,4.7,0,0,0,15,3,63.3,15,0,3,0,0,0,849,169281
154,7/12/06,Spring 2006,JClark,3,slope,0,0,0,0,0,0,8.3,0,1.7,0,38.3,21.7,23.3,13.3,10,0,0,0,0,830,172547
155,7/12/06,Spring 2006,JClark,4,slope,11.4,6.7,5,0,0,0,5,0.6,0,0,0,30,60,0,23.3,0,0,0,0,938,147537
156,7/12/06,Spring 2006,JClark,5,slope,19.9,20,28.3,0,0,0,0,0,0,0,0,50,0,0,26.7,0,0,0,0,940,176081
157,7/12/06,Spring 2006,JClark,6,slope,66.6,1.7,3.3,0,0,0,0,1.7,0,0,1.7,20,0,0,0,5,0,0,0,845,167397
158,7/12/06,Spring 2006,JClark,7,slope,5.7,0,0,0,0,0,2,0,2.7,0,8.3,63.3,21.7,23.3,10,0,0,0,0,940,174050
159,10/11/06,Spring 2006,Kellock,1,slope,9,0,0,0,0,0,71.7,0,0,0,0,36.7,10,0,0,7,0,0,0,521,176172
160,10/11/06,Spring 2006,Kellock,2,slope,24,1.7,0,0,0,0,6.7,0,0,0,0,61.7,0,10,0,10,0,0,0,521,176442
161,10/11/06,Spring 2006,Kellock,3,slope,8.6,0,0,0,0,0,5,0,0,0,0,93.3,0,0,51.7,0,0,0,0,520,176099
162,10/11/06,Spring 2006,Kellock,4,slope,36.4,0,0,0,0,0,0,0,0,0,31.7,36.7,0,3.3,0,0,0,0,0,525,177504
163,10/11/06,Spring 2006,Kellock,5,slope,5,1.7,0,0,0,0,33.3,0,0,0,0,30,33.3,28.3,0,3,0,0,0,521,175851
164,10/11/06,Spring 2006,Kellock,6,slope,5,0,0,0,0,0,0,0,0,0,0,53.3,41.7,43.3,0,0,0,0,0,811,167982
165,10/11/06,Spring 2006,Kellock,7,slope,55,0,0,0,0,0,25,1.3,0,0,0.7,20,0,0,0,3,9,3,0,807,170180
166,10/11/06,Spring 2006,Kellock,8,slope,36.7,0,0,0,0,0,21.7,0,0,0,0,38.3,0,0,0,0,0,0,0,521,174896
167,10/11/06,Spring 2006,Kellock,9,slope,13.3,0,0,0,0,0,53.3,0,0,0,2.3,33.3,0,0,0,15,0,0,0,790,174415
168,14/11/2006,Spring 2006,Martin,1,slope,33.4,0.7,0,3.3,0,0,23.3,0,0,0,9,31.7,0.7,0,0,13,0,0,0,633,177743
169,14/11/2006,Spring 2006,Martin,2,flat,1.7,0,0,0.7,0,0,8.3,0,0,0,5,85,0,0,20,0,0,0,0,635,177718
170,14/11/2006,Spring 2006,Martin,3,slope,5.7,0,0,4.7,0,0,4,0,0,0,1.7,85,0,0,20,0,0,0,0,632,177598
171,14/11/2006,Spring 2006,Martin,4,slope,15.7,0,0,1.7,0,0,40,0,0,0,5,31.7,20,1.7,0,9,0,0,0,632,177754
172,14/11/2006,Spring 2006,Martin,5,slope,41.7,2.3,0,0.7,0,0,36.7,0,0,0,4,15,6.7,1.7,0,11,0,0,0,633,177688
173,14/11/2006,Spring 2006,Martin,6,slope,36.7,0,0,1.7,0,0,31.7,0,0,0,10,11.7,11.7,1,0,42,0,3,0,631,176477
174,14/11/2006,Spring 2006,Martin,7,slope,33.3,0,0,1.7,0,0,30,0,0,0,8.3,28.3,5,0,0,3.5,0,0,0,635,177715
175,14/11/2006,Spring 2006,Martin,8,slope,25,1.7,0,0,0,0,38.3,0,0,0,6.7,11.7,10,0,0,15,0,17,0,635,177688
176,14/11/2006,Spring 2006,Martin,9,slope,43.3,0,0,0,0,0,40,0,5,0,1.3,16.7,1.7,0,0,15,1,5,0,629,176933
177,14/11/2006,Spring 2006,Martin,10,flat,3.3,0,0,0,0,0,18.3,0,0,0,5,45,30,0,1.7,0,0,3,0,631,176822
178,14/11/2006,Spring 2006,Martin,11,flat,6.3,4,0,1.3,0,0,33.4,0,0,0,10,48.3,15,0,0,11,2,0,0,633,177734
179,11/11/06,Spring 2006,McCracken,1,flat,11.3,0,0,4,0,0,0,0,0.7,0,5,85,0,0,0,0,0,0,0,534,176813
180,11/11/06,Spring 2006,McCracken,2,flat,8,0,0,1,0,0,0,0,0,0,8.3,86.7,0,0,0,0,0,10,0,533,176782
181,11/11/06,Spring 2006,McCracken,3,flat,4,0,0,0,0,0,2.7,0,0,0,3,92.3,0,0,25,0,0,0,0,531,176795
182,11/11/06,Spring 2006,McCracken,4,flat,26.6,0.7,0,3,0,0,0.7,0,13,0,5,70,0,0,0,2.5,0,0,0,533,176807
183,11/11/06,Spring 2006,McCracken,5,flat,20.1,0,0,0,0,0,3.3,0,0.7,0,18.3,65,0,0,0,3,0,0,0,514,176940
184,11/11/06,Spring 2006,McCracken,6,flat,28.3,0.7,0,2.3,0,0,13.3,0.6,1.7,0,8.3,46.7,0,0,0,2,0,0,0,532,176773
185,11/11/06,Spring 2006,McCracken,7,flat,3,0,0,0.3,0,0,1,0,1,0,23.3,81.7,0,0,46.7,0,0,0,0,531,176795
186,11/11/06,Spring 2006,McCracken,8,flat,8,1.7,0,3,0,0,3.3,0,0.7,0,5.7,80,0,0,0,17,0,0,0,533,176784
187,6/12/06,Spring 2006,Olive,1,slope,19,8.9,4.9,1.6,0,0,11.7,3.3,0,0,7,36.7,41.7,0,0,0,0,0,0,936,176190
188,6/12/06,Spring 2006,Olive,2,slope,6.7,1.6,14.9,0,0,0,20,8,0,2.7,0,56.7,40,0,0,2,0,0,0,926,172897
189,6/12/06,Spring 2006,Olive,3,slope,50,13,30,1.6,0,0,5,7,0,0,1.6,20,26.7,0,0,5,0,0,0,875,176526
190,6/12/06,Spring 2006,Olive,4,slope,40,10,26.7,0,0,0,13.3,5,0,0,10,15,31.7,0,0,23,0,0,0,896,177489
191,6/12/06,Spring 2006,Olive,5,flat,20,15.7,0,0,0,0,33.4,1.6,0,0,2,6.7,10,0,0,15,0,0,0,866,175761
192,10/11/06,Spring 2006,Rokahr,1,flat,3,0,0,0,0,0,5.7,0,0,0,46.7,46.7,0,0,0,2,0,0,0,523,176922
193,10/11/06,Spring 2006,Rokahr,2,flat,4,0,0,0,0,0,3.3,0,0,0,7.3,88.3,0,0,0,0,0,0,0,523,176990
194,10/11/06,Spring 2006,Rokahr,3,flat,3,0,0,0,0,0,5.7,0,0,0,10,83.3,0,0,0,0,0,0,0,523,176919
195,10/11/06,Spring 2006,Rokahr,4,flat,4.3,0,0,0,0,0,4,0,0,0,6.3,86.7,0,0,0,5,0,0,0,523,176988
196,10/11/06,Spring 2006,Rokahr,5,flat,17,0,0,0,0,0,0,0,0,0,4.7,76.7,0,0,0,10,0,0,0,523,176944
197,10/11/06,Spring 2006,Rokahr,6,flat,2.3,0,0,0,0,0,5.7,0,0,0,50.7,41.7,0,0,0,0,0,0,0,523,176971
198,10/11/06,Spring 2006,Rokahr,7,flat,3.3,0,0,0,0,0,4,0,0,0,61.7,35,0,0,0,5,0,0,0,523,176947
199,14/11/2006,Spring 2006,Sharrock,1,slope,0.7,0,0,0,0,0,0.7,0,0,0,81.7,5,11.7,5,0,0,15,6,0,626,175274
200,14/11/2006,Spring 2006,Sharrock,2,slope,1,0,0,0,0,0,1.3,0,0,0,55,33.3,13.3,3,0,0,2,0,0,633,177690
201,14/11/2006,Spring 2006,Sharrock,3,slope,2,0,0,0,0,0,3,0,0,0,43.3,9,30,7.3,0,1,0,1,0,627,175186
202,14/11/2006,Spring 2006,Sharrock,4,slope,19,3,0,15,0,0,6.3,0,0,0,5,11.7,33.3,4,0,3,0,0,0,625,174803
203,15/11/2006,Spring 2006,Staff,1,toe_of_slope,27.4,0,9,0,0,0,6.7,0,0,0,8.3,51.7,0,0,30,0,0,0,0,775,176835
204,15/11/2006,Spring 2006,Staff,2,toe_of_slope,45,16.6,0,0,0,0,3.3,0,5,0,0.7,30,0,0,0,5,0,0,0,861,177991
205,15/11/2006,Spring 2006,Staff,3,slope,0.7,0,6.7,0,0,0,6.7,0,0,0,10,7.5,0,6.7,20,0,0,0,0,811,171950
206,15/11/2006,Spring 2006,Staff,4,slope,45.7,6.6,6.7,0,3.3,0,10,5,0,0,0.7,28.3,10,1.7,0,25,0,0,0,782,177432
207,15/11/2006,Spring 2006,Staff,5,slope,3,9.3,1.7,0,0,0,9.7,0,0.7,0,15,51.6,2,8.3,0,2,0,0,0,844,176433
208,15/11/2006,Spring 2006,Staff,6,slope,0,0.7,5,0,0,0,12.3,0,0,0,35,26.7,0,10,0,2,0,0,0,810,172589
209,15/11/2006,Spring 2006,Staff,7,slope,12,17.4,15.4,0,0,0,15,0,0,0,6.7,26.7,0,18.3,0,48,0,0,0,803,161353
210,15/11/2006,Spring 2006,Staff,8,slope,1.3,14.4,2.3,0,0,0,35,1.7,0,0,8.3,13.3,25,16.7,0,2,0,16,0,855,180995
211,15/11/2006,Spring 2006,Staff,9,slope,3,13.7,1.7,0,0,0,25,0,0,0,15,21.7,9,11.7,0,5,1,0,0,861,177665
212,8/12/06,Spring 2006,Stoney,1,slope,25.7,5.3,21.6,0,0,0,8.3,0,0,0,18.3,4,13.3,5.7,0,0,0,0,0,880,147636
213,8/12/06,Spring 2006,Stoney,2,slope,24.6,8.6,4,9,0,0,8.3,0,0,0,13.3,4,10,1.7,0,50,0,0,0,887,165767
214,8/12/06,Spring 2006,Stoney,3,slope,25.2,14,4,4,0,0,5,0,1.6,0,0,5,15,20,0,30,0,0,0,834,174380
215,8/12/06,Spring 2006,Stoney,4,slope,37.8,13.9,2,6.7,0,0,6.3,3.3,0,0,0,5,6.7,13.3,0,16,0,0,0,868,147465
216,8/12/06,Spring 2006,Stoney,5,slope,13.1,6.6,5.6,6.6,0,0,13.3,9.9,1.3,0,8.3,10,8.3,3.3,0,22,0,0,0,953,177424
217,8/12/06,Spring 2006,Stoney,6,slope,15,20,11.7,0,0,0,25,4.3,0,0,6.7,20,3.3,16.7,0,0,0,0,0,955,159069
218,8/12/06,Spring 2006,Stoney,7,crest,16.7,11.7,28.3,0,0,0,18.3,2.7,0,0,5,15,0,1.6,0,15,0,0,0,901,146485
219,14/10/2006,Spring 2006,Taylor,1,flat,0,0,0,0.7,0,0,0,0,0,0,78,22,0,0,0,2,0,0,0,640,177126
220,14/10/2006,Spring 2006,Taylor,2,flat,7.4,0,0,24,0,0,0,0,0,0,38.3,32.7,0,0,0,0,0,0,0,640,177061
221,14/10/2006,Spring 2006,Taylor,3,flat,7.3,0,0,8,0,0,0,0,0,0,21.7,65,0,0,0,5,0,0,0,641,177192
222,14/10/2006,Spring 2006,Taylor,4,flat,0,0,0,0.7,0,0,0,0,0,0,88.3,11,0,0,0,1,0,0,0,640,177238
223,14/10/2006,Spring 2006,Taylor,5,flat,0.7,0,0,0,0,0,0.7,0,0,0,96.7,2.3,0.7,0,0,5,0,0,0,639,177197
224,7/12/06,Spring 2006,Wakefield,1,slope,53.4,9,0,11.7,0,0,16.6,0,0,0,0,16.7,0,0,0,35,0,0,0,765,176651
225,7/12/06,Spring 2006,Wakefield,2,toe_of_slope,15,15,11.6,7.3,0,0,3.3,0,0,0,1.7,38.3,0,5,63.3,0,2,3,0,788,169557
226,7/12/06,Spring 2006,Wakefield,3,slope,40,2.4,5,1.7,0,0,0,0,0,0,21.7,33.3,0,5,43.3,0,0,0,0,756,176062
227,7/12/06,Spring 2006,Wakefield,4,slope,29.1,11.7,1.7,10.7,0,0,6.6,1.7,3.3,0,0,50,23.3,0,23.3,0,0,0,0,777,169346
228,17/11/2006,Spring 2006,Yorston,1,slope,15,45,0,33.4,0,0,0,0,0,0,1.7,5.7,0,0,0,11,0,0,0,830,179689
229,17/11/2006,Spring 2006,Yorston,2,slope,35,16.6,7.3,26.7,0,0,0,0,0,0,2,11.7,0,0,0,27,0,0,0,841,182686
230,17/11/2006,Spring 2006,Yorston,3,slope,31.6,10.1,3.4,0,0,0,26.7,0,0,0,2.3,15,6.7,8.3,0,5,0,0,0,916,185139
231,17/11/2006,Spring 2006,Yorston,4,slope,25,10.7,2,0,0,0,15,0,0,0,0,53.3,0,0,0,3,0,0,0,950,182485
232,17/11/2006,Spring 2006,Yorston,5,slope,56.7,21.7,3.3,10,0,0,6.7,1.7,0,0,0,6.7,0,3.3,10,0,1,0,0,843,181204
233,17/11/2006,Spring 2006,Yorston,6,slope,11.7,0,0,23.3,0,0,6.7,0,0,0,3.3,66.7,0,0,0,0,0,0,0,833,181060
234,17/11/2006,Spring 2006,Yorston,7,slope,38.3,10,20,2.3,0,0,6.7,0,0,0,8.3,18.3,0,0,0,2,0,0,0,806,176593
235,19/04/2007,Autumn 2007,Barlow,1,slope,0,0,0,0,0,0,16.7,0,0,0,41.7,24,18.3,0,0,46,3,4,0,525,175714
236,19/04/2007,Autumn 2007,Barlow,2,slope,0,0,0,0,0,0,0,0,0,0,16.7,83.3,0,0,56.7,0,0,0,0,526,176053
237,19/04/2007,Autumn 2007,Barlow,3,flat,1,5,0,0,0,0,15,0,0,0,2,15.7,80,0,0,3,0,5,0,526,175513
238,19/04/2007,Autumn 2007,Barlow,4,crest,0.3,1,0,0,0,0,19.3,1.7,0,0,60,4.7,10,5,0,0,0,0,0,526,176000
239,19/04/2007,Autumn 2007,Barlow,5,slope,0,0,0,0,0,0,0,0,0,0,10,90,0,0,30,38,0,0,0,525,175712
240,19/04/2007,Autumn 2007,Barlow,6,flat,0.7,0,0,0,0,0,9,0,0,0,3.3,45,56.7,0,15,0,2,1,0,526,176615
241,17/04/2007,Autumn 2007,Blaber,1,slope,11.7,0,0,0,0,0,0,3.7,0,0,0,80,0,11.7,53.3,0,0,6,0,857,173337
242,17/04/2007,Autumn 2007,Blaber,2,slope,3.1,0.2,0,5.5,0,0,0.7,4.7,0,0,40.7,9,35,3.3,0,1,0,1,11,818,172374
243,17/04/2007,Autumn 2007,Blaber,3,slope,4.3,0,0,0.3,0,0,2,6,0,0,25.7,33.3,31.7,6.7,3.3,0,3,12,0,855,172415
244,17/04/2007,Autumn 2007,Blaber,4,slope,31.7,0,0,2,0,0,1.7,9,0,0,0,63.3,26.7,0,0,2,0,11,0,855,166796
245,17/04/2007,Autumn 2007,Blaber,5,slope,12.3,0,0,0.7,0,0,0,4,0,0,0,95,0,0,20,0,0,1,1,846,168397
246,17/04/2007,Autumn 2007,DClark,1,slope,6.7,6,0,0,0,0,0,0,0,0,3,87.3,26.7,3.3,0,11,0,0,0,608,175902
247,17/04/2007,Autumn 2007,DClark,2,flat,0,0,0,0,0,0,5,0,0,0,0,96.7,5,0,0,0,1,2,12,609,176951
248,17/04/2007,Autumn 2007,DClark,3,flat,2,8,21.7,6.7,0,0,0,0,0,0,7,55,21.7,0,0,57,0,0,0,609,174707
249,17/04/2007,Autumn 2007,DClark,4,slope,0,5.3,0,0,0,0,0,1.7,0,0,0,93.3,0,15,0,13,0,0,0,610,176425
250,17/04/2007,Autumn 2007,DClark,5,slope,0,1.3,0,0,0,0,10,0,0,0,4.3,48.4,30,5,0,0,0,0,0,614,176030
251,17/04/2007,Autumn 2007,DClark,6,slope,0,15,0,0,0,0,0,0,0,0,20,81.7,25,8.3,0,14,0,0,0,614,177070
252,11/5/07,Autumn 2007,Gough,1,slope,18.3,20,0,0,0,0,0,0,0,0,10,53.3,0,15,0,3,0,0,0,675,158842
253,11/5/07,Autumn 2007,Gough,2,slope,11.7,18.3,0,1.7,0,0,0,3.3,0,0,0,66.7,0,0,28.3,,0,0,0,677,174403
254,11/5/07,Autumn 2007,Gough,3,slope,4.3,10.3,0,2,0,0,10,3,0,0,0,90,0,1.7,0,6,0,0,0,695,178025
255,11/5/07,Autumn 2007,Gough,4,slope,4,21.7,0,1.7,0,8.3,5,0,6.7,0,0,10,15,28.3,0,10,0,0,0,666,173597
256,11/5/07,Autumn 2007,Gough,5,crest,1.7,15.7,0,0.7,0,8.7,11.7,0,0,0,5,9,43.3,35,0,2,0,0,0,679,168279
257,11/5/07,Autumn 2007,Gough,6,slope,43.3,26.7,0,20.7,0,0,0,0.7,0,0,0,25,1.7,10,26.7,0,0,0,0,714,175456
258,11/5/07,Autumn 2007,Gough,7,slope,20,35,0,3.3,0,0,0,0,0,0,0,6.7,26.7,33.3,0,,0,0,0,673,174481
259,11/5/07,Autumn 2007,Gough,8,slope,5,46.7,0,1,0,3.3,20,1.7,0,0,0,30,0,1.7,0,47,0,0,0,688,175676
260,11/5/07,Autumn 2007,Gough,9,slope,10,83.3,0,7,0,0,0,0,0,0,0,5,0,0,0,34,0,0,0,686,177438
261,9/5/07,Autumn 2007,Green,1,slope,12.4,0,0,0,0,0,2.3,0,0,0,55,14,0,21.7,6.7,0,0,4,0,899,170522
262,9/5/07,Autumn 2007,Green,2,slope,5,15.3,0,33.3,0,0,1.7,0,0,0,26.7,0,0,26.7,0,5,0,0,0,934,163868
263,9/5/07,Autumn 2007,Green,3,slope,5,28.3,0,5,0,0,20,0,0,0,21.7,6.7,0,25,0,6,0,0,0,916,169958
264,9/5/07,Autumn 2007,Green,4,slope,18.3,0,0,6.7,0,0,16.7,6.7,5,0,11.7,16.7,15,8.3,0,11,0,0,0,956,180835
265,18/04/2007,Autumn 2007,Hawkey,1,flat,0.7,1.7,0,5,0,0,0,0,0,0,6.7,90,0,0,0,42,0,0,0,415,176347
266,18/04/2007,Autumn 2007,Hawkey,2,flat,0,0,0,3.3,0,0,0,0,0,0,6.7,91.7,0,0,0,21,0,0,0,415,176350
267,18/04/2007,Autumn 2007,Hawkey,3,flat,1.7,0,0,0,0,0,1.7,0,0,0,23.3,76,0,0,13.3,0,0,0,0,415,176437
268,18/04/2007,Autumn 2007,Hawkey,4,flat,0,0,0,0,0,0,0,1.7,0,0,58.3,39.7,5,0,0,26,0,4,0,415,176411
269,8/5/07,Autumn 2007,JClark,1,slope,0,9,0,8.3,0,0,5,0,0,0,16.7,50,13.3,0,0,3,0,0,0,851,159951
270,8/5/07,Autumn 2007,JClark,2,slope,0,15,0,4,0,0,6.7,0,0,0,20,6.7,50,1.7,0,18,0,0,0,824,173285
271,8/5/07,Autumn 2007,JClark,3,slope,5,3,0,10,0,0,11.7,0,0,0,25,30,21.7,0,13.3,0,0,2,0,834,174360
272,8/5/07,Autumn 2007,JClark,4,slope,0,41.7,0,3.3,0,0,0,0,0,0,41.7,10,0,5.7,0,48,0,0,0,832,173762
273,8/5/07,Autumn 2007,JClark,5,toe_of_slope,25,3.3,0,7.3,0,0,0,5,0,0,1.7,16.7,63.3,0,18.3,0,0,0,0,837,173779
274,8/5/07,Autumn 2007,JClark,6,slope,2.3,3.4,0,2.3,0,0,0,0,0,0,0,50,60,15,43.3,0,0,1,2,865,166022
275,8/5/07,Autumn 2007,JClark,7,slope,7,0,0,23.3,0,0,0,0,0,0,33.3,13.3,36.7,0,3.3,0,0,0,0,846,172247
276,18/04/2007,Autumn 2007,Kellock,1,slope,2,6.7,0,1.7,0,0,23.3,0,0,0,5,35,55,13.3,18.3,0,0,0,0,522,176547
277,18/04/2007,Autumn 2007,Kellock,2,slope,1.7,2,0,0,0,0,0,0,0,0,8.3,88.3,1.7,0,30,0,0,0,0,521,170887
278,18/04/2007,Autumn 2007,Kellock,3,crest,8.3,13.4,0,5,0,0,16.7,0,0,0,0,63.3,0,0,0,36,0,0,0,519,174386
279,18/04/2007,Autumn 2007,Kellock,4,slope,2.7,0.7,0,0,0,0,13.3,0,0,0,0,85,8.3,6.7,13.3,0,0,0,0,521,171866
280,18/04/2007,Autumn 2007,Kellock,5,slope,2.3,15.7,0,3.3,0,0,16.7,0,0,0,4,41.7,76.7,0,0,6,0,0,0,526,179479
281,18/04/2007,Autumn 2007,Kellock,6,crest,4.7,11.6,0,1.7,0,0,0,0,0,0,5,50,23.3,20,26.7,0,0,0,0,517,174082
282,18/04/2007,Autumn 2007,Kellock,7,slope,5.7,19,0,0,0,0,11.7,4,0,0,0,56.7,0,0,30,0,0,0,0,520,171870
283,18/04/2007,Autumn 2007,Kellock,8,toe_of_slope,2.7,17,0,0,0,0,16.7,0,0,0,0,73.3,0,0,0,2,0,0,0,524,177805
284,18/04/2007,Autumn 2007,Kellock,9,slope,0,1.3,0,0,0,0,10,0,0,0,15,73.3,1.7,0,0,7,0,0,0,525,178366
285,16/04/2007,Autumn 2007,Martin,1,slope,0,0,0,0,0,0,3,0,0,0,66.7,25,3,8.3,0,8.9,0,0,0,635,177656
286,16/04/2007,Autumn 2007,Martin,2,flat,2,0,0,0,0,0,5,0,0,0,33.3,50,16.7,0,13.3,0,0,0,0,629,177108
287,16/04/2007,Autumn 2007,Martin,3,flat,3.3,0,0,0,0,0,0,3.3,0,0,13.3,81.7,1.3,0,0,15,0,0,0,632,177456
288,16/04/2007,Autumn 2007,Martin,4,flat,0,1.7,0,0,0,0,0,0,0,0,6.7,79.6,6.3,0,0,5,0,8,0,631,176929
289,16/04/2007,Autumn 2007,Martin,5,slope,4,0.7,0,0,0,0,23.3,0,0,0,3,70,10,0,0,10,0,0,0,634,177986
290,16/04/2007,Autumn 2007,Martin,6,slope,18.3,1,0,1.3,0,0,15,0,0,0,0.7,70,0,0,0,60,1,2,0,630,176407
291,16/04/2007,Autumn 2007,Martin,7,slope,7.3,1.3,0,0,0,0,8.3,0,0,0,8.3,56.7,21.7,3.3,0,7,0,0,7,633,177700
292,16/04/2007,Autumn 2007,Martin,8,slope,4,7.4,0,4,0,0,5,0,0,0,7.3,77.3,8.3,0,0,5,0,2,0,635,177635
293,16/04/2007,Autumn 2007,Martin,9,flat,0,0,0,0,0,0,0,0,0,0,16.7,71.7,20,0.7,0,2,0,4,0,632,177158
294,16/04/2007,Autumn 2007,Martin,10,slope,13,0.7,0,0,0,0,3.3,0,0,0,10,73.3,11.7,0,0,22,0,0,0,635,177668
295,16/04/2007,Autumn 2007,Martin,11,flat,6.3,3,0,0,0,0,10.7,0,0,0,63.3,14,6.3,0,0,8,0,0,0,634,177901
296,18/04/2007,Autumn 2007,McCracken,1,flat,3.3,0,0,0,0,0,0,0,0,0,0,100,0,0,0,3,0,0,0,534,176782
297,18/04/2007,Autumn 2007,McCracken,2,flat,0.7,0,0,0,0,0,0,0,0,0,3.3,96.7,0,0,0,0,0,0,0,532,176759
298,18/04/2007,Autumn 2007,McCracken,3,flat,3.3,0,0,0,0,0,1.7,0,0,0,0.7,95,0,0,25,0,0,0,0,534,176791
299,18/04/2007,Autumn 2007,McCracken,4,flat,0,1,6.7,0,0,0,1,1,0,0,2,90,0,0,0,6,0,0,1,531,176800
300,18/04/2007,Autumn 2007,McCracken,5,flat,0,2.7,0,0,0,0,7,1,1.7,0,50,20,30,0,0,12,0,0,0,533,176778
301,18/04/2007,Autumn 2007,McCracken,6,flat,0,0,0,0,0,0,1.7,0,1.7,0,3.3,96,0,0,18.3,0,0,0,0,532,176749
302,18/04/2007,Autumn 2007,McCracken,7,flat,0.7,1.7,0,0,0,0,0.7,0,1.7,0,5,92.7,0,0,0,2,0,1,0,534,176819
303,18/04/2007,Autumn 2007,McCracken,8,flat,0.7,0,0,0,0,0,0.7,0,0,0,3.3,96.7,0,0,6.7,0,0,5,0,532,176827
304,8/5/07,Autumn 2007,Olive,1,slope,7,0,0,18,0,0,2,3.7,0,5,3.3,53.3,43.3,0,0,0,0,0,0,894,172118
305,8/5/07,Autumn 2007,Olive,2,slope,43.3,18.4,0,5.7,0,0,0,1.7,0,0,13.3,11.7,13.3,0,0,7,0,0,0,926,175478
306,8/5/07,Autumn 2007,Olive,3,slope,2.7,0,0,11.7,0,0,1.3,1.7,0,0,1.7,70,33.3,5,10,0,0,0,0,904,165462
307,8/5/07,Autumn 2007,Olive,4,slope,0,0,0,0,0,0,1.7,0,0,0,0,95,1.7,5,20,0,0,0,0,874,175430
308,8/5/07,Autumn 2007,Olive,5,flat,55,24.6,0,20.7,0,0,0,0,0,0,8.3,21.7,0,0,0,17,0,0,0,889,174143
309,18/04/2007,Autumn 2007,Rokahr,1,flat,4.6,1.3,0,8.3,0,0,0,0,0,0,18.3,63.3,3.3,0,0,5,0,0,0,523,176993
310,18/04/2007,Autumn 2007,Rokahr,2,flat,0,0,0,0,0,0,0,0,0,0,53.3,60,0,0,20,0,0,0,0,524,176912
311,18/04/2007,Autumn 2007,Rokahr,3,flat,7,1,0,5,0,0,0,0,0,0,10,60,30,0,0,4,0,0,0,524,176940
312,18/04/2007,Autumn 2007,Rokahr,4,flat,0.7,0,0,3.3,0,0,0,0,0,0,21.7,65,10,0,0,35,0,0,0,523,176948
313,18/04/2007,Autumn 2007,Rokahr,5,flat,4,4,0,3,0,0,0,0,0,0,36.7,50,7.3,0,0,21,0,0,0,523,176985
314,18/04/2007,Autumn 2007,Rokahr,6,flat,2.3,8.4,0,0.7,0,0,0,0,0,0,40,40,0,0,0,0,0,0,0,524,176938
315,18/04/2007,Autumn 2007,Rokahr,7,flat,0.7,1,0,4.3,0,0,0,0,0,0,5,51.7,63.3,0,0,2,0,0,0,524,176939
316,17/04/2007,Autumn 2007,Sharrock,1,slope,1,0,0,0,0,0,0,0,0,0,9,18.3,35,48.3,5,0,9,19,0,628,175173
317,17/04/2007,Autumn 2007,Sharrock,2,flat,4.3,0,11.7,2.3,0,0,0,0,0,0,0,86.7,0,0,0,4,0,1,0,627,175684
318,17/04/2007,Autumn 2007,Sharrock,3,flat,3,0,0,0,0,0,2.3,0,0,0,30,35,26.7,10,8.3,0,4,4,0,624,175301
319,17/04/2007,Autumn 2007,Sharrock,4,slope,4.7,0,0,0,0,0,3.3,0,0,0,13.3,20,58.3,10,13.3,0,1,4,0,626,174900
320,17/04/2007,Autumn 2007,Staff,1,slope,1.3,14.7,0,0,0,1.7,15,1.7,0,0,26.7,5,13.3,23.3,0,27,0,0,0,806,172510
321,17/04/2007,Autumn 2007,Staff,2,slope,3,42.6,0,6.7,0,0,0,0,0,0,3,52,0,1.7,0,18,0,0,0,865,171005
322,17/04/2007,Autumn 2007,Staff,3,slope,0,1.7,0,0.7,0,0,1.3,0,3.3,0,4,85,3,8.3,33.3,0,1,0,0,872,180149
323,17/04/2007,Autumn 2007,Staff,4,slope,5,12.4,0,9.3,0,5,10,0.7,0,0,25.7,21.7,26.7,0,11.7,0,7,6,2,809,173405
324,17/04/2007,Autumn 2007,Staff,5,slope,4,23,0,31.6,0,0,1.7,0,0,0,15,26.7,0,5,0,48,0,0,0,867,178460
325,17/04/2007,Autumn 2007,Staff,6,slope,8.3,14,0,16.7,0,0,2,0.7,0,0,1.7,50,0,4,6.7,0,20,0,3,891,182027
326,17/04/2007,Autumn 2007,Staff,7,slope,5,0.3,0,1.3,0,0,5,3,0,0,0,65,0,26.7,46.7,0,0,0,1,847,178292
327,17/04/2007,Autumn 2007,Staff,8,slope,8.6,10.7,0,7.4,0,0,8.3,0,8.3,0,20,20,9,1.7,0,10,0,0,0,872,174250
328,17/04/2007,Autumn 2007,Staff,9,slope,5,12.4,0,9,0,0,5,1.7,0,0,5.7,48.3,3.3,8.3,0,32,0,0,0,874,177732
329,8/5/07,Autumn 2007,Stoney,1,slope,21.7,39.4,0,18.3,0,0,0,1.7,0,0,0,4,0,5.7,0,48,0,0,0,997,184307
330,8/5/07,Autumn 2007,Stoney,2,slope,15,13,0,5,0,0,28.3,3.3,4,0,25,7,13.3,2,0,36,1,1,0,915,170949
331,8/5/07,Autumn 2007,Stoney,3,slope,8.3,28.3,0,18.4,0,0,13.4,3.3,0,0,5.7,18.3,15,0,0,17,0,0,0,1020,186447
332,8/5/07,Autumn 2007,Stoney,4,crest,5.3,13.7,0,3.3,0,0,15,8.3,1.7,0,10,50,0,1.7,26.7,0,0,0,0,820,166553
333,8/5/07,Autumn 2007,Stoney,5,crest,3.3,6,0,3.3,0,0,5,3.4,0,0,6.7,70,13.3,8.3,13.3,0,0,0,0,925,157786
334,8/5/07,Autumn 2007,Stoney,6,slope,3,20,0,3.3,0,0,4,0,0,0,36.7,8.3,23.3,11.7,0,13,0,0,0,963,178226
335,8/5/07,Autumn 2007,Stoney,7,slope,6.3,15.3,0,9,0,0,6.7,0,0,0,5,36.7,33.3,3.3,0,2,0,0,0,973,156752
336,16/04/2007,Autumn 2007,Taylor,4,flat,0,0,0,2.3,0,0,0,0,0,0,20,71.7,9,0,0,7,0,0,0,641,177304
337,16/04/2007,Autumn 2007,Taylor,1,flat,0,0,0,0,0,0,0,0,0,0,46.7,51.7,0,0,0,5,0,0,0,641,176972
338,16/04/2007,Autumn 2007,Taylor,2,flat,0,0,0,1.7,0,0,0,0,0,0,73.3,25,0,0,0,18,0,0,0,640,176970
339,16/04/2007,Autumn 2007,Taylor,3,flat,0,0.7,0,0.7,0,0,0,0,0,0,28.3,61.7,10,0,0,22,0,0,0,640,176952
340,16/04/2007,Autumn 2007,Taylor,5,flat,0.3,0,0.3,0,0,0,0.3,0,0,0,41.7,41.7,18.3,0,3.3,0,0,0,0,642,177329
341,9/5/07,Autumn 2007,Wakefield,1,slope,53.3,33,0,0.7,0,0,0,3.3,0,0,3.3,15,20,0,0,9,0,0,0,768,170170
342,9/5/07,Autumn 2007,Wakefield,2,slope,26.7,20,0,11.7,0,0,0,0,0,0,6.7,33.3,25,0,0,6,0,0,0,765,173948
343,9/5/07,Autumn 2007,Wakefield,3,toe_of_slope,18.3,61.6,0,10,0,0,0,0,0,0,3.3,11.7,0,3.3,0,2,0,0,0,753,175487
344,9/5/07,Autumn 2007,Wakefield,4,slope,66.7,9.7,0,8.7,0,0,0,0,0,0,0,43.3,0,0,0,13,0,0,0,748,175372
345,20/04/2007,Autumn 2007,Yorston,1,toe_of_slope,4.6,19.1,0,1.7,0,0,7,0,0,0,6.7,60,5,0,10,0,0,0,0,829,181515
346,20/04/2007,Autumn 2007,Yorston,2,toe_of_slope,7,19,0,3.3,0,0,10,0,1.7,0,16.7,30,0,0,0,0,0,0,0,895,182134
347,20/04/2007,Autumn 2007,Yorston,3,slope,6.7,11.7,0,21.7,0,0,33.3,0,0,0,5,20,0,0,0,12,0,0,0,827,180505
348,20/04/2007,Autumn 2007,Yorston,4,slope,3.3,11,0,0.7,0,0,22.3,0,0,0,5,30,10,15.7,0,6,0,0,0,924,178400
349,20/04/2007,Autumn 2007,Yorston,5,crest,33.3,33.3,0,0,0,0,33.3,0,0,0,0,10,0,0,0,4,0,0,0,829,180569
350,20/04/2007,Autumn 2007,Yorston,6,slope,12.3,23.3,0,2.3,0,0,21.7,1.7,0,0,18.3,18.3,0,0,0,56,0,0,0,841,180443
351,20/04/2007,Autumn 2007,Yorston,7,slope,6.7,8.3,0,13.3,0,0,43.3,0,0,0,8.3,20,0,0,0,32,0,0,0,948,181088